"writer","admin","2021-05-19_write","2021-05-19_reply","2021-05-20_write","2021-05-20_reply","2021-05-21_write","2021-05-21_reply","2021-05-22_write","2021-05-22_reply","2021-05-23_write","2021-05-23_reply","2021-05-24_write","2021-05-24_reply","2021-05-25_write","2021-05-25_reply","2021-05-26_write","2021-05-26_reply"
"꼴라리","해햄햇",0,0,0,0,0,0,0,0,0,0,0,0,0,0,0,0
"낭고","해햄햇",0,0,0,0,0,0,0,0,0,0,0,0,0,0,0,0
"달빛서가","해햄햇",0,0,0,0,0,0,0,0,0,0,0,0,0,0,0,0
"몽글몽글","해햄햇",0,0,0,0,0,0,0,0,0,0,0,0,0,0,0,0
"드림아제","해햄햇",0,0,0,0,0,0,0,0,0,0,0,0,0,0,0,0
"록원","해햄햇",1,1,1,1,1,1,1,0,1,1,1,1,0,0,1,0
"마녀체력","해햄햇",0,0,0,0,0,0,0,0,0,0,0,0,0,0,0,0
"멋진인생사랑후","해햄햇",0,0,0,0,0,0,0,0,0,0,0,0,0,0,0,0
"메신저클레어","해햄햇",0,0,0,0,0,0,0,0,0,0,0,0,0,0,0,0
"미라클타임","해햄햇",0,0,0,0,0,0,0,0,0,0,0,0,0,0,0,0
"바다소리","해햄햇",0,0,0,0,0,0,0,0,0,0,0,0,0,0,0,0
"박하사탕","해햄햇",0,0,0,0,0,0,0,0,0,0,0,0,0,0,0,0
"비야애미","해햄햇",0,0,0,0,0,0,0,0,0,0,0,0,0,0,0,0
"빅보스 BigBoss","해햄햇",1,1,1,1,1,1,1,1,1,1,1,1,1,1,0,0
"빛이 나는 나","해햄햇",0,0,0,0,0,0,0,0,0,0,0,0,0,0,0,0
"소희","해햄햇",0,0,0,0,0,0,0,0,0,0,0,0,0,0,0,0
"쉬 라","해햄햇",0,0,0,0,0,0,0,0,0,0,0,0,0,0,0,0
"스타이글스","해햄햇",0,0,0,0,0,0,0,0,0,0,0,0,0,0,0,0
"신애인화","해햄햇",0,0,0,0,0,0,0,0,0,0,0,0,0,0,0,0
"쓰앵k","해햄햇",0,0,0,0,0,0,0,0,0,0,0,0,0,0,0,0
"아보카도","해햄햇",0,0,1,1,1,1,0,0,0,0,1,1,0,0,0,0
"안다미로1","해햄햇",0,0,0,0,0,0,0,0,0,0,0,0,0,0,0,0
"열정정민","해햄햇",1,1,1,1,1,1,1,1,0,0,1,1,1,1,1,1
"올리브유","해햄햇",0,0,0,0,0,0,0,0,0,0,0,0,0,0,0,0
"워러보이","해햄햇",0,0,0,0,0,0,0,0,0,0,0,0,0,0,0,0
"임가지","해햄햇",1,1,1,1,1,0,1,0,1,1,1,1,1,0,1,0
"제니캬라멜","해햄햇",0,0,0,0,0,0,0,0,0,0,0,0,0,0,0,0
"지우샤니맘","해햄햇",0,0,0,0,0,0,0,0,0,0,0,0,0,0,0,0
"쪼브","해햄햇",0,0,0,0,0,0,0,0,0,0,0,0,0,0,0,0
"초록파프리카","해햄햇",0,0,1,1,1,0,0,0,1,0,1,1,1,1,0,0
"카쥬","해햄햇",0,0,0,0,0,0,0,0,0,0,0,0,0,0,0,0
"캐트캐트","해햄햇",0,0,0,0,0,0,1,0,0,1,1,0,0,0,0,0
"튜닙","해햄햇",0,0,0,0,0,0,0,0,0,0,0,0,0,0,0,0
"풍경","해햄햇",1,1,1,0,1,1,1,0,1,1,1,1,1,1,1,1
"헤세르솔트","해햄햇",1,1,1,1,1,1,1,0,1,1,1,1,1,1,0,0
"Evito","해햄햇",0,0,0,0,0,0,0,0,0,0,0,0,0,1,0,0
"Lion","해햄햇",1,1,1,1,1,0,1,1,1,0,1,1,1,1,0,0
"ramee","해햄햇",0,0,0,0,0,0,0,0,0,0,0,0,0,0,0,0
"인포덱","해햄햇",1,0,1,0,1,0,1,0,0,0,0,0,1,0,0,0
"블루스카이님","해햄햇",0,0,1,1,0,0,1,0,1,1,1,0,1,0,1,0
"고캔두","클로버",0,0,0,0,0,0,0,0,0,0,0,0,0,0,0,0
"공부합시다7","클로버",0,0,0,0,0,0,0,0,0,0,0,0,0,0,0,0
"글쓰는리치몬","클로버",0,0,0,0,0,0,0,0,0,0,0,0,0,0,0,0
"김그린21","클로버",1,1,1,1,0,0,1,1,0,0,1,1,1,1,0,0
"꿈 날다","클로버",0,0,0,0,0,0,0,0,0,0,0,0,0,0,0,0
"날","클로버",1,1,1,1,1,1,1,1,1,1,1,1,1,1,0,0
"럭키세븐2030100","클로버",1,1,1,1,1,1,1,1,1,1,1,0,1,1,0,0
"레이첼 초이","클로버",0,1,0,1,0,1,0,1,0,1,0,1,0,1,0,0
"로카텔리","클로버",1,1,1,1,1,1,0,0,1,1,1,1,1,1,1,1
"돈별사","클로버",1,1,0,0,1,1,1,1,0,0,1,1,1,1,0,0
"멋지니","클로버",0,0,0,0,0,0,0,0,0,0,0,0,0,0,0,0
"무사시","클로버",0,0,0,0,0,0,0,0,0,0,0,0,0,0,0,0
"범이성이","클로버",0,0,0,0,0,0,0,0,0,0,0,0,0,0,0,0
"부자여왕님","클로버",1,1,1,1,1,1,1,1,1,1,1,1,1,1,1,1
"빛길","클로버",0,0,0,0,0,0,0,0,0,0,0,0,0,0,0,0
"사랑7","클로버",0,0,0,0,0,0,0,0,0,0,0,0,0,0,0,0
"새벽편지","클로버",1,1,1,1,1,1,1,1,1,1,1,1,1,1,0,0
"알비레오","클로버",0,0,0,0,0,0,0,0,0,0,0,0,0,0,0,0
"여우곰탱이","클로버",0,0,0,0,0,0,0,0,0,0,0,0,0,0,0,0
"열정가득79","클로버",0,0,0,0,0,0,0,0,0,0,0,0,0,0,0,0
"오연아","클로버",0,0,0,0,0,0,0,0,0,0,0,0,0,0,0,0
"온유하다","클로버",0,0,0,0,0,0,0,0,0,0,0,0,0,0,0,0
"워너비가이","클로버",0,0,0,0,0,0,0,0,0,0,0,0,0,0,0,0
"유노혬","클로버",1,1,1,1,1,0,0,0,1,1,1,1,1,1,1,0
"일초남","클로버",0,0,0,0,0,0,0,0,0,0,0,0,0,0,0,0
"정쎄오","클로버",0,0,0,0,0,0,0,0,0,0,0,0,0,0,0,0
"짱이누나","클로버",0,0,0,0,0,0,0,0,0,0,0,0,0,0,0,0
"초록은하수","클로버",0,0,0,0,0,0,0,0,0,0,0,0,0,0,0,0
"페이튼채","클로버",0,0,1,1,1,1,1,1,1,1,1,1,1,1,1,1
"프리라이프 째니","클로버",0,0,0,0,0,0,0,0,0,0,0,0,1,0,0,0
"해피노마드","클로버",0,0,0,0,0,0,0,0,0,0,0,0,0,0,0,0
"현정","클로버",1,1,1,1,1,0,1,1,1,1,1,1,1,1,0,0
"호애애애","클로버",0,0,0,0,0,0,0,0,0,0,0,0,0,0,0,0
"Paiza","클로버",0,0,0,0,0,0,0,0,0,0,0,0,0,0,0,0
"꼬꼬워니","부자엄마 홍반장TV",0,0,0,0,0,0,0,0,0,0,0,0,0,0,0,0
"열빼","부자엄마 홍반장TV",1,0,1,0,0,0,0,0,0,0,0,0,0,0,0,0
"블라밍","부자엄마 홍반장TV",0,0,0,0,0,0,0,0,0,0,0,0,0,0,0,0
"열손가락","부자엄마 홍반장TV",0,0,0,0,0,0,0,0,0,0,0,0,0,0,0,0
"럭키걸9","부자엄마 홍반장TV",0,0,0,0,0,0,0,0,0,0,0,0,0,0,0,0
"백곰선생","부자엄마 홍반장TV",0,0,0,0,0,0,0,0,0,0,0,0,0,0,0,0
"마스터Ki","부자엄마 홍반장TV",1,1,1,1,0,1,1,1,0,0,1,1,0,0,0,0
"돈까스킹","부자엄마 홍반장TV",0,0,1,0,0,0,0,0,0,0,0,0,0,0,0,0
"하마쪼","부자엄마 홍반장TV",1,1,1,1,1,1,0,0,1,1,1,1,0,0,1,1
"시간배당","부자엄마 홍반장TV",0,0,0,0,0,0,0,0,0,0,0,0,0,0,0,0
"느림","부자엄마 홍반장TV",1,1,1,1,1,0,1,1,1,1,1,0,1,1,1,1
"복부인짱","부자엄마 홍반장TV",1,1,1,1,1,0,1,1,1,1,1,1,1,0,1,0
"러블리수우","부자엄마 홍반장TV",0,0,0,0,0,0,0,0,0,0,0,0,0,0,0,0
"장하도다","부자엄마 홍반장TV",0,0,0,0,0,0,0,0,0,0,0,0,0,0,0,0
"알러부","부자엄마 홍반장TV",0,0,0,0,0,0,0,0,0,0,0,0,0,0,0,0
"토디토디","부자엄마 홍반장TV",1,0,1,0,1,0,1,1,0,0,1,0,0,0,1,0
"승리의여신","부자엄마 홍반장TV",1,1,0,0,1,1,1,0,1,1,1,1,0,0,0,0
"행복이가득","부자엄마 홍반장TV",1,1,1,1,1,1,1,1,1,1,1,1,1,1,1,1
"베러베러","부자엄마 홍반장TV",1,1,1,1,1,1,1,0,1,1,1,1,1,1,1,1
"finally good","부자엄마 홍반장TV",0,1,0,0,0,1,0,1,0,0,0,1,0,1,0,0
"우뇨","부자엄마 홍반장TV",0,0,0,0,0,0,0,0,0,0,0,0,0,0,0,0
"젠젠","부자엄마 홍반장TV",0,0,0,0,1,1,1,1,1,1,1,1,1,1,0,0
"마흔이되기전에","부자엄마 홍반장TV",0,0,0,0,0,0,0,0,0,0,0,0,0,0,0,0
"비타민맘","부자엄마 홍반장TV",0,0,1,1,1,1,0,0,0,0,0,0,0,0,0,0
"오로라헌터","부자엄마 홍반장TV",0,0,1,1,1,1,1,0,0,0,1,1,1,1,0,0
"alsdhrdus1","부자엄마 홍반장TV",0,0,0,0,0,0,0,0,0,0,0,0,0,0,0,0
"눈빛슈리","부자엄마 홍반장TV",0,0,0,0,0,0,0,0,0,0,0,0,1,1,1,1
"뜨거운안녕","부자엄마 홍반장TV",1,1,1,1,1,1,1,1,1,1,1,1,1,1,0,0
"월1억달성","부자엄마 홍반장TV",0,0,0,0,0,0,0,0,0,0,0,0,0,0,0,0
"홍차의꿈","부자엄마 홍반장TV",0,0,0,0,0,0,0,0,0,0,0,0,0,0,0,0
"봄희야","부자엄마 홍반장TV",1,1,1,1,1,1,1,1,1,1,0,0,0,0,0,0
"활기찬","부자엄마 홍반장TV",1,1,1,1,0,0,1,1,1,1,1,1,0,0,0,0
"속삭이는비","부자엄마 홍반장TV",0,0,1,1,1,1,1,1,1,0,1,1,1,1,0,0
"건물주송연수","부자엄마 홍반장TV",1,1,1,1,1,1,0,0,0,0,1,1,1,1,1,1
"쏭지니","부자엄마 홍반장TV",0,0,0,0,0,0,0,0,0,0,0,0,0,0,0,0
"러너하이","부자엄마 홍반장TV",0,0,1,1,1,1,1,1,0,0,1,1,1,1,0,0
"패이버릿","부자엄마 홍반장TV",0,0,0,0,0,0,1,1,1,0,1,0,0,0,0,0
"뜸북","부자엄마 홍반장TV",0,0,0,0,0,0,0,0,0,0,0,0,0,0,0,0
"여름날","부자엄마 홍반장TV",0,0,0,0,0,0,0,0,0,0,0,0,0,0,0,0
"으쌰비앤비","윤쏘쏘",1,0,1,1,1,1,1,0,1,1,1,1,0,0,0,0
"코람데오","윤쏘쏘",1,1,1,0,1,1,1,1,1,1,1,1,1,1,0,1
"르네","윤쏘쏘",1,0,1,1,1,1,1,1,1,1,1,1,1,1,0,0
"JJ","윤쏘쏘",0,0,0,0,0,0,0,0,0,0,0,0,0,0,0,0
"55드리","윤쏘쏘",1,1,1,1,1,1,1,0,0,0,1,1,1,0,0,0
"Begin again","윤쏘쏘",0,1,0,1,0,1,0,1,0,0,0,0,0,1,0,1
"꿈꾸는최토끼","윤쏘쏘",0,0,0,0,0,0,0,0,0,0,0,0,0,0,0,0
"지금부터","윤쏘쏘",0,0,0,0,0,0,0,0,0,0,0,0,0,0,0,0
"ckctg119","윤쏘쏘",0,0,1,1,0,0,0,0,0,0,1,0,1,0,0,0
"핑크쭈","윤쏘쏘",1,1,1,1,1,1,1,1,0,0,0,0,0,0,0,0
"로시","윤쏘쏘",0,1,0,1,0,0,0,0,0,0,0,0,0,0,1,0
"하니비","윤쏘쏘",0,0,0,0,0,0,0,0,0,0,0,0,0,0,0,0
"작무","윤쏘쏘",0,0,0,0,0,0,0,0,0,0,0,0,0,0,0,0
"정성을다하기","윤쏘쏘",1,1,1,1,1,1,1,1,0,0,1,0,1,1,0,0
"하늬바람","윤쏘쏘",1,1,1,1,1,1,1,1,1,1,1,1,1,1,1,1
"앵이","윤쏘쏘",0,0,0,0,0,0,0,0,0,0,0,0,0,0,0,0
"행복월천사맘","윤쏘쏘",1,1,1,1,1,1,1,1,1,1,1,1,1,1,0,0
"슬기로운자유인","윤쏘쏘",0,0,0,0,0,0,0,0,0,0,0,0,0,0,0,0
"마음은이미부자","윤쏘쏘",1,1,1,1,1,1,1,1,1,1,1,1,1,1,1,1
"봄날의오후","윤쏘쏘",1,1,1,1,1,1,0,0,0,0,1,1,1,0,0,1
"새롬","윤쏘쏘",1,1,1,1,1,1,1,1,1,1,1,1,1,1,1,1
"오곰","윤쏘쏘",0,0,0,0,0,0,0,0,0,0,0,0,0,0,0,0
"스마트한우","윤쏘쏘",0,0,1,1,1,1,1,1,0,0,1,1,1,1,0,0
"성현사랑","윤쏘쏘",0,0,0,0,0,0,0,0,0,0,0,0,0,0,0,0
"6개월프로젝트","윤쏘쏘",1,1,1,1,1,1,1,1,1,1,1,1,1,1,1,1
"둥그라미","윤쏘쏘",1,1,1,1,1,1,1,1,1,0,1,0,1,1,0,0
"히말라야","윤쏘쏘",1,1,0,0,1,1,0,0,0,0,1,1,1,1,0,0
"스몰액션","윤쏘쏘",0,0,0,0,0,0,0,0,0,0,0,0,0,0,0,0
"패밀리파파","윤쏘쏘",1,1,1,1,0,0,1,0,1,1,1,1,0,0,0,0
"보물지도님","윤쏘쏘",0,0,1,1,0,0,0,0,1,1,1,1,1,1,0,0
"비전보드","윤쏘쏘",0,0,0,0,0,0,0,0,0,0,0,0,0,0,0,0
"박성호","윤쏘쏘",1,0,0,0,0,0,1,1,1,0,1,1,1,1,0,0
"담담은담담","윤쏘쏘",0,0,0,0,0,0,0,0,0,0,0,0,0,0,0,0
"SarAH","윤쏘쏘",1,1,1,1,1,1,1,1,1,1,1,1,0,0,0,0
"guring1015","윤쏘쏘",0,0,0,0,0,0,0,0,0,0,0,0,0,0,0,0
"젬마","윤쏘쏘",1,1,1,1,0,1,0,0,0,0,1,1,1,1,0,0
"파사현정","윤쏘쏘",1,1,1,1,1,1,0,1,1,1,1,1,1,1,1,1
"커터","윤쏘쏘",0,0,0,0,0,0,0,0,0,0,1,1,1,0,1,1
"cje213","윤쏘쏘",0,0,0,0,0,0,0,0,0,0,0,0,0,0,0,0
